year,rank,club,revenue,dollars,country,latitude,longitude
2020,1,Barcelona,840.8,908.1,Spain,41.3809,2.1228
2020,2,Real Madrid,757.3,817.9,Spain,41.4531,-3.6883
2020,3,Manchester United,711.5,768.4,England,55.4631,-2.2913
2020,4,Bayern Munich,660.1,712.9,Germany,48.2188,11.6247
2020,5,Paris Saint‑Germain,635.9,686.8,France,48.8414,2.253
2020,6,Manchester City,610.6,659.4,England,54.4831,-2.2004
2020,7,Liverpool,604.7,653.1,England,51.4308,-3.9608
2020,8,Tottenham Hotspur,521.1,562.8,England,50.6043,-1.5664
2020,9,Chelsea,513.1,554.1,England,51.4817,-1.191
2020,10,Juventus,459.7,496.5,Italy,45.1096,7.6413
2020,11,Arsenal,445.6,481.2,England,52.0549,-2.1084
2020,12,Borussia Dortmund,377.1,407.3,Germany,51.4926,7.4519
2020,13,Atlético Madrid,367.6,397,Spain,39.4362,-3.5995
2020,14,Internazionale,364.6,393.8,Italy,45.4781,9.122
2020,15,Schalke 04,324.8,350.8,Germany,51.5546,6.5675
2020,16,Roma,231,249.5,Italy,41.9341,12.4547
2020,17,Olympique Lyonnais,220.8,238.5,France,45.7653,4.982
2020,18,West Ham United,216.4,233.7,England,52.5387,-0.0166
2020,19,Everton,213,230,England,53.9388,-1.9663
2020,20,Napoli,207.4,224,Italy,40.8279,14.1931
2020,21,Milan,206.3,222.8,Italy,45.4781,10.124
2020,22,Leicester City,200,216,England,53.6204,-1.1422
2020,23,Ajax,199.4,215.4,Netherlands,52.3144,4.942
2020,24,Benfica,197.6,213.4,Portugal,38.7527,-9.1848
2020,25,Wolverhampton Wanderers,195.5,211.1,England,52.5902,-3.1304
2020,26,Valencia,184.7,199.5,Spain,39.4746,-0.3582
2020,27,Eintracht Frankfurt,183.8,198.5,Germany,50.0686,8.6455
2020,28,Zenit Saint Petersburg,180.4,194.8,Russia,59.9727,30.2214
2020,29,Porto,176.2,190.3,Portugal,41.1618,-8.5836
2020,30,Crystal Palace,174.5,188.5,England,51.398,-0.0861
2019,1,Real Madrid,750.9,811,Spain,41.4531,-3.6883
2019,2,Barcelona,690.4,745.6,Spain,41.3809,2.1228
2019,3,Manchester United,666,719.3,England,55.4631,-2.2913
2019,4,Bayern Munich,629.2,679.5,Germany,48.2188,11.6247
2019,5,Manchester City,568.4,613.9,England,54.4831,-2.2004
2019,6,Paris Saint‑Germain,541.7,585,France,48.8414,2.253
2019,7,Liverpool,513.7,554.8,England,51.4308,-3.9608
2019,8,Chelsea,505.7,546.2,England,52.4817,-1.191
2019,9,Arsenal,439.2,474.3,England,52.0549,-2.1084
2019,10,Tottenham Hotspur,428.3,462.6,England,50.6043,-1.5664
2019,11,Juventus,394.9,426.5,Italy,45.1096,7.6413
2019,12,Borussia Dortmund,317.2,342.6,Germany,51.4926,7.4519
2019,13,Atlético Madrid,304.4,328.8,Spain,39.4362,-3.5995
2019,14,Internazionale,280.8,303.3,Italy,45.4781,9.122
2019,15,Roma,250,270,Italy,41.9341,12.4547
2019,16,Schalke 04,243.8,263.3,Germany,51.5546,6.5675
2019,17,Everton,212.9,229.9,England,53.9388,-1.9663
2019,18,Milan,207.7,224.3,Italy,45.4781,10.124
2019,19,Newcastle United,201.5,217.6,England,54.9756,-1.6217
2019,20,West Ham United,197.9,213.7,England,52.5387,-0.0166
2019,21,Napoli,182.8,197.4,Italy,40.8279,14.1931
2019,22,Leicester City,179.4,193.8,England,53.6204,-1.1422
2019,23,Southampton,172,185.8,England,50.9058,-1.391
2019,24,Crystal Palace,169,182.5,England,51.398,-0.0861
2019,25,Zenit Saint Petersburg,167.8,181.2,Russia,59.9727,30.2214
2019,26,Besiktas,165.7,179,Turkey,41.0394,28.9941
2019,27,Sevilla,165.2,178.4,Spain,37.3841,-5.9707
2019,28,Olympique Lyonnais,164.2,177.3,France,45.7653,4.982
2019,29,Brighton & Hove Albion,157.4,170,England,50.8616,-0.0837
2019,30,Benfica,150.7,162.8,Portugal,38.7527,-9.1848
2018,1,Manchester United,676.3,730.4,England,55.4631,-2.2913
2018,2,Real Madrid,674.6,728.6,Spain,41.4531,-3.6883
2018,3,Barcelona,648.3,700.2,Spain,41.3809,2.1228
2018,4,Bayern Munich,587.8,634.8,Germany,48.2188,11.6247
2018,5,Manchester City,527.7,569.9,England,54.4831,-2.2004
2018,6,Arsenal,487.6,526.6,England,52.0549,-2.1084
2018,7,Paris Saint‑Germain,486.2,525.1,France,48.8414,2.253
2018,8,Chelsea,428,462.2,England,51.4817,-1.191
2018,9,Liverpool,424.2,458.1,England,51.4308,-3.9608
2018,10,Juventus,405.7,438.2,Italy,45.1096,7.6413
2018,11,Tottenham Hotspur,355.6,384,England,50.6043,-1.5664
2018,12,Borussia Dortmund,332.6,359.2,Germany,51.4926,7.4519
2018,13,Atlético Madrid,272.5,294.3,Spain,39.4362,-3.5995
2018,14,Leicester City,271.1,292.8,England,53.6204,-1.1422
2018,15,Internazionale,262.1,283.1,Italy,45.4781,9.122
2018,16,Schalke 04,230.2,248.6,Germany,51.5546,6.5675
2018,17,West Ham United,213.3,230.4,England,52.5387,-0.0166
2018,18,Southampton,212.1,229.1,England,50.9058,-1.391
2018,19,Napoli,200.7,216.8,Italy,40.8279,14.1931
2018,20,Everton,199.2,215.1,England,53.9388,-1.9663
2018,21,Olympique Lyonnais,198.3,214.2,France,45.7653,4.982
2018,22,Milan,191.7,207,Italy,45.4781,10.124
2018,23,Zenit Saint Petersburg,180.4,194.8,Russia,59.9727,30.2214
2018,24,Roma,171.8,185.5,Italy,41.9341,12.4547
2018,25,Borussia Mönchengladbach,169.3,182.8,Germany,51.1746,6.3855
2018,26,Crystal Palace,164,177.1,England,51.398,-0.0861
2018,27,West Bromwich Albion,160.5,173.3,England,52.509,-1.9639
2018,28,Bournemouth,159.2,171.9,England,50.7352,-1.8383
2018,29,Stoke City,158.3,171,England,52.9884,-2.1754
2018,30,Benfica,157.6,170.2,Portugal,38.7527,-9.1848
2017,1,Manchester United,689,744.1,England,55.4631,-2.2913
2017,2,Barcelona,620.2,669.8,Spain,41.3809,2.1228
2017,3,Real Madrid,620.1,669.7,Spain,41.4531,-3.6883
2017,4,Bayern Munich,592,639.4,Germany,48.2188,11.6247
2017,5,Manchester City,524.9,566.9,England,54.4831,-2.2004
2017,6,Paris Saint‑Germain,520.9,562.6,France,48.8414,2.253
2017,7,Arsenal,468.5,506,England,52.0549,-2.1084
2017,8,Chelsea,447.4,483.2,England,51.4817,-1.191
2017,9,Liverpool,403.8,436.1,England,51.4308,-3.9608
2017,10,Juventus,341.1,368.4,Italy,45.1096,7.6413
2017,11,Borussia Dortmund,283.9,306.6,Germany,51.4926,7.4519
2017,12,Tottenham Hotspur,279.7,302.1,England,50.6043,-1.5664
2017,13,Atlético Madrid,228.6,246.9,Spain,39.4362,-3.5995
2017,14,Schalke 04,224.5,242.5,Germany,51.5546,6.5675
2017,15,Roma,218.2,235.7,Italy,41.9341,12.4547
2017,16,Milan,214.7,231.9,Italy,45.4781,10.124
2017,17,Zenit Saint Petersburg,196.5,212.2,Russia,59.9727,30.2214
2017,18,West Ham United,192.3,207.7,England,52.5387,-0.0166
2017,19,Internazionale,179.2,193.5,Italy,45.4781,9.122
2017,20,Leicester City,172.1,185.9,England,53.6204,-1.1422
2017,21,Newcastle United,168.2,181.7,England,54.9756,-1.6217
2017,22,Southampton,163.3,176.4,England,50.9058,-1.391
2017,23,Everton,162.5,175.5,England,53.9388,-1.9663
2017,24,Olympique Lyonnais,160,172.8,France,45.7653,4.982
2017,25,Fenerbahçe,157.7,170.3,Turkey,40.9877,29.0368
2017,26,Galatasaray,155.9,168.4,Turkey,41.1032,28.9912
2017,27,Benfica,152.1,164.3,Portugal,38.7527,-9.1848
2017,28,Borussia Mönchengladbach,149.3,161.2,Germany,51.1746,6.3855
2017,29,Sunderland,144.4,156,England,54.9146,-1.3884
2017,30,Napoli,142.7,154.1,Italy,40.8279,14.1931
2016,1,Real Madrid,577,623.2,Spain,41.4531,-3.6883
2016,2,Barcelona,560.8,605.7,Spain,41.3809,2.1228
2016,3,Manchester United,519.5,561.1,England,55.4631,-2.2913
2016,4,Paris Saint‑Germain,480.8,519.3,France,48.8414,2.253
2016,5,Bayern Munich,474,511.9,Germany,48.2188,11.6247
2016,6,Manchester City,463.5,500.6,England,54.4831,-2.2004
2016,7,Arsenal,435.5,470.3,England,52.0549,-2.1084
2016,8,Chelsea,420,453.6,England,51.4817,-1.191
2016,9,Liverpool,391.8,423.1,England,51.4308,-3.9608
2016,10,Juventus,323.9,349.8,Italy,45.1096,7.6413
2016,11,Borussia Dortmund,280.6,303,Germany,51.4926,7.4519
2016,12,Tottenham Hotspur,257.5,278.1,England,50.6043,-1.5664
2016,13,Schalke 04,219.7,237.3,Germany,51.5546,6.5675
2016,14,Milan,199.1,215,Italy,45.4781,10.124
2016,15,Atlético Madrid,187.1,202.1,Spain,39.4362,-3.5995
2016,16,Roma,180.4,194.8,Italy,41.9341,12.4547
2016,17,Newcastle United,169.3,182.8,England,54.9756,-1.6217
2016,18,Everton,165.1,178.3,England,53.9388,-1.9663
2016,19,Internazionale,164.8,178,Italy,45.4781,9.122
2016,20,West Ham United,160.9,173.8,England,52.5387,-0.0166
2016,21,Galatasaray,159.1,171.8,Turkey,41.1032,28.9912
2016,22,Southampton,149.5,161.5,England,50.9058,-1.391
2016,23,Aston Villa,148.8,160.7,England,52.5091,-1.8848
2016,24,Leicester City,137.2,148.2,England,53.6204,-1.1422
2016,25,Sunderland,132.9,143.5,England,54.9146,-1.3884
2016,26,Swansea City,132.8,143.4,Wales,51.6427,-3.9346
2016,27,Stoke City,130.9,141.4,England,52.9884,-2.1754
2016,28,Crystal Palace,130.8,141.3,England,51.398,-0.0861
2016,29,West Bromwich Albion,126.6,136.7,England,52.509,-1.9639
2016,30,Napoli,125.5,135.5,Italy,40.8279,14.1931
2015,1,Real Madrid,549.5,593.5,Spain,41.4531,-3.6883
2015,2,Manchester United,518,559.4,England,55.4631,-2.2913
2015,3,Bayern Munich,487.5,526.5,Germany,48.2188,11.6247
2015,4,Barcelona,484.6,523.4,Spain,41.3809,2.1228
2015,5,Paris Saint‑Germain,474.2,512.1,France,48.8414,2.253
2015,6,Manchester City,414.4,447.6,England,54.4831,-2.2004
2015,7,Chelsea,387.9,418.9,England,51.4817,-1.191
2015,8,Arsenal,359.3,388,England,52.0549,-2.1084
2015,9,Liverpool,305.9,330.4,England,51.4308,-3.9608
2015,10,Juventus,279.4,301.8,Italy,45.1096,7.6413
2015,11,Borussia Dortmund,261.5,282.4,Germany,51.4926,7.4519
2015,12,Milan,249.7,269.7,Italy,45.4781,10.124
2015,13,Tottenham Hotspur,215.8,233.1,England,50.6043,-1.5664
2015,14,Schalke 04,213.9,231,Germany,51.5546,6.5675
2015,15,Atlético Madrid,169.9,183.5,Spain,39.4362,-3.5995
2015,16,Napoli,164.8,178,Italy,40.8279,14.1931
2015,17,Internazionale,164,177.1,Italy,45.4781,9.122
2015,18,Galatasaray,161.9,174.9,Turkey,41.1032,28.9912
2015,19,Newcastle United,155.1,167.5,England,54.9756,-1.6217
2015,20,Everton,144.1,155.6,England,53.9388,-1.9663
2015,21,West Ham United,137.4,148.4,England,52.5387,-0.0166
2015,22,Aston Villa,133,143.6,England,52.5091,-1.8848
2015,23,Olympique de Marseille,130.5,140.9,France,43.2698,5.3959
2015,24,Roma,127.4,137.6,Italy,41.9341,12.4547
2015,25,Southampton,126.9,137.1,England,50.9058,-1.391
2015,26,Benfica,126,136.1,Portugal,38.7527,-9.1848
2015,27,Sunderland,124.8,134.8,England,54.9146,-1.3884
2015,28,Hamburger SV,120.3,129.9,Germany,53.5871,9.8986
2015,29,Swansea City,118,127.4,Wales,51.6427,-3.9346
2015,30,Stoke City,117.6,127,England,52.9884,-2.1754
2014,1,Real Madrid,518.9,560.4,Spain,41.4531,-3.6883
2014,2,Barcelona,482.6,521.2,Spain,41.3809,2.1228
2014,3,Bayern Munich,431.2,465.7,Germany,48.2188,11.6247
2014,4,Manchester United,423.8,457.7,England,55.4631,-2.2913
2014,5,Paris Saint‑Germain,398.8,430.7,France,48.8414,2.253
2014,6,Manchester City,316.2,341.5,England,54.4831,-2.2004
2014,7,Chelsea,303.4,327.7,England,51.4817,-1.191
2014,8,Arsenal,284.3,307,England,52.0549,-2.1084
2014,9,Juventus,272.4,294.2,Italy,45.1096,7.6413
2014,10,Milan,263.5,284.6,Italy,45.4781,10.124
2014,11,Borussia Dortmund,256.2,276.7,Germany,51.4926,7.4519
2014,12,Liverpool,240.6,259.8,England,51.4308,-3.9608
2014,13,Schalke 04,198.2,214.1,Germany,51.5546,6.5675
2014,14,Tottenham Hotspur,172,185.8,England,50.6043,-1.5664
2014,15,Internazionale,168.8,182.3,Italy,45.4781,9.122
2014,16,Galatasaray,157,169.6,Turkey,41.1032,28.9912
2014,17,Hamburger SV,135.4,146.2,Germany,53.5871,9.8986
2014,18,Fenerbahçe,126.4,136.5,Turkey,40.9877,29.0368
2014,19,Roma,124.4,134.4,Italy,41.9341,12.4547
2014,20,Atlético Madrid,120,129.6,Spain,39.4362,-3.5995
2014,21,VfB Stuttgart,116.5,125.8,Germany,48.7923,9.2321
2014,22,Napoli,116.4,125.7,Italy,40.8279,14.1931
2014,23,Valencia,116,125.3,Spain,39.4746,-0.3582
2014,24,Corinthians,113.3,122.4,Brazil,-23.5453,-46.4743
2014,25,Newcastle United,111.9,120.9,England,54.9756,-1.6217
2014,26,Benfica,109.2,117.9,Portugal,38.7527,-9.1848
2014,27,Ajax,107.6,116.2,Netherlands,52.3144,4.942
2014,28,Lazio,106.2,114.7,Italy,41.9331,13.4547
2014,29,West Ham United,104.8,113.2,England,52.5387,-0.0166
2014,30,Olympique de Marseille,104.3,112.6,France,43.2698,5.3959
2013,1,Real Madrid,512.6,553.6,Spain,41.4531,-3.6883
2013,2,Barcelona,483,521.6,Spain,41.3809,2.1228
2013,3,Manchester United,395.9,427.6,England,55.4631,-2.2913
2013,4,Bayern Munich,368.4,397.9,Germany,48.2188,11.6247
2013,5,Chelsea,322.6,348.4,England,51.4817,-1.191
2013,6,Arsenal,290.3,313.5,England,52.0549,-2.1084
2013,7,Manchester City,285.6,308.4,England,54.4831,-2.2004
2013,8,Milan,256.9,277.5,Italy,45.4781,10.124
2013,9,Liverpool,233.2,251.9,England,51.4308,-3.9608
2013,10,Paris Saint‑Germain,220.5,238.1,France,48.8414,2.253
2013,11,Internazionale,200.6,216.6,Italy,45.4781,9.122
2013,12,Borussia Dortmund,196.7,212.4,Germany,51.4926,7.4519
2013,13,Juventus,195.4,211,Italy,45.1096,7.6413
2013,14,Tottenham Hotspur,178.2,192.5,England,50.6043,-1.5664
2013,15,Schalke 04,174.5,188.5,Germany,51.5546,6.5675
2013,16,Napoli,148.4,160.3,Italy,40.8279,14.1931
2013,17,Olympique de Marseille,135.7,146.6,France,43.2698,5.3959
2013,18,Olympique Lyonnais,131.9,142.5,France,45.7653,4.982
2013,19,Galatasaray,129.7,140.1,Turkey,41.1032,28.9912
2013,20,Hamburger SV,121.1,130.8,Germany,53.5871,9.8986
2013,21,Roma,115.9,125.2,Italy,41.9341,12.4547
2013,22,Newcastle United,115.3,124.5,England,54.9756,-1.6217
2013,23,Valencia,111.1,120,Spain,39.4746,-0.3582
2013,24,Benfica,111.1,120,Portugal,38.7527,-9.1848
2013,25,Atlético Madrid,107.9,116.5,Spain,39.4362,-3.5995
2013,26,Ajax,104.1,112.4,Netherlands,52.3144,4.942
2013,27,VfB Stuttgart,103.2,111.5,Germany,48.7923,9.2321
2013,28,Everton,99.5,107.5,England,53.9388,-1.9663
2013,29,Aston Villa,98.6,106.5,England,52.5091,-1.8848
2013,30,Fulham,98,105.8,England,51.4749,-0.2218
2012,1,Real Madrid,479.5,517.9,Spain,41.4531,-3.6883
2012,2,Barcelona,450.7,486.8,Spain,41.3809,2.1228
2012,3,Manchester United,367,396.4,England,55.4631,-2.2913
2012,4,Bayern Munich,321.4,347.1,Germany,48.2188,11.6247
2012,5,Arsenal,251.1,271.2,England,52.0549,-2.1084
2012,6,Chelsea,249.8,269.8,England,51.4817,-1.191
2012,7,Milan,235.1,253.9,Italy,45.4781,10.124
2012,8,Internazionale,211.4,228.3,Italy,45.4781,9.122
2012,9,Liverpool,203.3,219.6,England,51.4308,-3.9608
2012,10,Schalke 04,202.4,218.6,Germany,51.5546,6.5675
2012,11,Tottenham Hotspur,181,195.5,England,50.6043,-1.5664
2012,12,Manchester City,169.6,183.2,England,54.4831,-2.2004
2012,13,Juventus,153.9,166.2,Italy,45.1096,7.6413
2012,14,Olympique de Marseille,150.4,162.4,France,43.2698,5.3959
2012,15,Roma,143.5,155,Italy,41.9341,12.4547
2012,16,Borussia Dortmund,138.5,149.6,Germany,51.4926,7.4519
2012,17,Olympique Lyonnais,132.8,143.4,France,45.7653,4.982
2012,18,Hamburger SV,128.8,139.1,Germany,53.5871,9.8986
2012,19,Valencia,116.8,126.1,Spain,39.4746,-0.3582
2012,20,Napoli,114.9,124.1,Italy,40.8279,14.1931
2012,21,Benfica,102.5,110.7,Portugal,38.7527,-9.1848
2012,22,Atlético Madrid,99.9,107.9,Spain,39.4362,-3.5995
2012,23,Werder Bremen,99.7,107.7,Germany,53.0664,8.8376
2012,24,Aston Villa,99.3,107.2,England,52.5091,-1.8848
2012,25,Newcastle United,98,105.8,England,54.9756,-1.6217
2012,26,Ajax,97.1,104.9,Netherlands,52.3144,4.942
2012,27,VfB Stuttgart,95.5,103.1,Germany,48.7923,9.2321
2012,28,Everton,90.8,98.1,England,53.9388,-1.9663
2012,29,West Ham United,89.1,96.2,England,52.5387,-0.0166
2012,30,Sunderland,87.9,94.9,England,54.9146,-1.3884
2011,1,Real Madrid,438.6,473.7,Spain,41.4531,-3.6883
2011,2,Barcelona,398.1,429.9,Spain,41.3809,2.1228
2011,3,Manchester United,349.8,377.8,England,55.4631,-2.2913
2011,4,Bayern Munich,323,348.8,Germany,48.2188,11.6247
2011,5,Arsenal,274.1,296,England,52.0549,-2.1084
2011,6,Chelsea,255.9,276.4,England,51.4817,-1.191
2011,7,Milan,235.8,254.7,Italy,45.4781,10.124
2011,8,Liverpool,225.3,243.3,England,51.4308,-3.9608
2011,9,Internazionale,224.8,242.8,Italy,45.4781,9.122
2011,10,Juventus,205,221.4,Italy,45.1096,7.6413
2011,11,Manchester City,152.8,165,England,54.4831,-2.2004
2011,12,Tottenham Hotspur,146.3,158,England,50.6043,-1.5664
2011,13,Hamburger SV,146.2,157.9,Germany,53.5871,9.8986
2011,14,Olympique Lyonnais,146.1,157.8,France,45.7653,4.982
2011,15,Olympique de Marseille,141.1,152.4,France,43.2698,5.3959
2011,16,Schalke 04,139.8,151,Germany,51.5546,6.5675
2011,17,Atlético Madrid,124.5,134.5,Spain,39.4362,-3.5995
2011,18,Roma,122.7,132.5,Italy,41.9341,12.4547
2011,19,VfB Stuttgart,114.8,124,Germany,48.7923,9.2321
2011,20,Aston Villa,109.4,118.2,England,52.5091,-1.8848
2011,21,Fiorentina,106.4,114.9,Italy,43.7808,11.2826
2011,22,Borussia Dortmund,105.2,113.6,Germany,51.4926,7.4519
2011,23,Bordeaux,102.8,111,France,44.8974,0.5616
2011,24,Sevilla,99.6,107.6,Spain,37.3841,-5.9707
2011,25,Valencia,99.3,107.2,Spain,39.4746,-0.3582
2011,26,Benfica,98.2,106.1,Portugal,38.7527,-9.1848
2011,27,Everton,96.6,104.3,England,53.9388,-1.9663
2011,28,Werder Bremen,96.5,104.2,Germany,53.0664,8.8376
2011,29,Napoli,95.1,102.7,Italy,40.8279,14.1931
2011,30,Fulham,94.2,101.7,England,51.4749,-0.2218
2010,1,Real Madrid,401.4,433.5,Spain,41.4531,-3.6883
2010,2,Barcelona,365.9,395.2,Spain,41.3809,2.1228
2010,3,Manchester United,327,353.2,England,55.4631,-2.2913
2010,4,Bayern Munich,289.5,312.7,Germany,48.2188,11.6247
2010,5,Arsenal,263,284,England,52.0549,-2.1084
2010,6,Chelsea,242.3,261.7,England,51.4817,-1.191
2010,7,Liverpool,237,256,England,51.4308,-3.9608
2010,8,Juventus,203.2,219.5,Italy,45.1096,7.6413
2010,9,Internazionale,196.5,212.2,Italy,45.4781,9.122
2010,10,Milan,196.5,212.2,Italy,45.4781,10.124
2010,11,Hamburger SV,146.7,158.4,Germany,53.5871,9.8986
2010,12,Roma,146.4,158.1,Italy,41.9341,12.4547
2010,13,Olympique Lyonnais,139.6,150.8,France,45.7653,4.982
2010,14,Olympique de Marseille,133.2,143.9,France,43.2698,5.3959
2010,15,Tottenham Hotspur,132.7,143.3,England,50.6043,-1.5664
2010,16,Schalke 04,124.5,134.5,Germany,51.5546,6.5675
2010,17,Werder Bremen,114.7,123.9,Germany,53.0664,8.8376
2010,18,Borussia Dortmund,103.5,111.8,Germany,51.4926,7.4519
2010,19,Manchester City,101.2,109.3,England,54.4831,-2.2004
2010,20,Newcastle United,101,109.1,England,54.9756,-1.6217
2009,1,Real Madrid,365.8,395.1,Spain,41.4531,-3.6883
2009,2,Manchester United,324.8,350.8,England,55.4631,-2.2913
2009,3,Barcelona,308.8,333.5,Spain,41.3809,2.1228
2009,4,Bayern Munich,295.3,318.9,Germany,48.2188,11.6247
2009,5,Chelsea,268.9,290.4,England,51.4817,-1.191
2009,6,Arsenal,264,285.1,England,52.0549,-2.1084
2009,7,Liverpool,210.9,227.8,England,51.4308,-3.9608
2009,8,Milan,209.5,226.3,Italy,45.4781,10.124
2009,9,Roma,175.4,189.4,Italy,41.9341,12.4547
2009,10,Internazionale,172.9,186.7,Italy,45.4781,9.122
2009,11,Juventus,167.5,180.9,Italy,45.1096,7.6413
2009,12,Olympique Lyonnais,155.7,168.2,France,45.7653,4.982
2009,13,Schalke 04,148.4,160.3,Germany,51.5546,6.5675
2009,14,Tottenham Hotspur,145,156.6,England,50.6043,-1.5664
2009,15,Hamburger SV,127.9,138.1,Germany,53.5871,9.8986
2009,16,Olympique de Marseille,126.8,136.9,France,43.2698,5.3959
2009,17,Newcastle United,125.6,135.6,England,54.9756,-1.6217
2009,18,VfB Stuttgart,111.5,120.4,Germany,48.7923,9.2321
2009,19,Fenerbahçe,111.3,120.2,Turkey,40.9877,29.0368
2009,20,Manchester City,104,112.3,England,54.4831,-2.2004
2008,1,Real Madrid,351,379.1,Spain,41.4531,-3.6883
2008,2,Manchester United,315.2,340.4,England,55.4631,-2.2913
2008,3,Barcelona,290.1,313.3,Spain,41.3809,2.1228
2008,4,Chelsea,283,305.6,England,51.4817,-1.191
2008,5,Arsenal,263.9,285,England,52.0549,-2.1084
2008,6,Milan,227.2,245.4,Italy,45.4781,10.124
2008,7,Bayern Munich,223.3,241.2,Germany,48.2188,11.6247
2008,8,Liverpool,198.9,214.8,England,51.4308,-3.9608
2008,9,Internazionale,195,210.6,Italy,45.4781,9.122
2008,10,Roma,157.6,170.2,Italy,41.9341,12.4547
2008,11,Tottenham Hotspur,153.1,165.3,England,50.6043,-1.5664
2008,12,Juventus,145.2,156.8,Italy,45.1096,7.6413
2008,13,Olympique Lyonnais,140.6,151.8,France,45.7653,4.982
2008,14,Newcastle United,129.4,139.8,England,54.9756,-1.6217
2008,15,Hamburger SV,120.4,130,Germany,53.5871,9.8986
2008,16,Schalke 04,114.3,123.4,Germany,51.5546,6.5675
2008,17,Celtic,111.8,120.7,Scotland,55.8497,-4.2055
2008,18,Valencia,107.6,116.2,Spain,39.4746,-0.3582
2008,19,Olympique de Marseille,99,106.9,France,43.2698,5.3959
2008,20,Werder Bremen,97.3,105.1,Germany,53.0664,8.8376
2007,1,Real Madrid,292.2,315.6,Spain,41.4531,-3.6883
2007,2,Barcelona,259.1,279.8,Spain,41.3809,2.1228
2007,3,Juventus,251.2,271.3,Italy,45.1096,7.6413
2007,4,Manchester United,242.6,262,England,55.4631,-2.2913
2007,5,Milan,238.7,257.8,Italy,45.4781,10.124
2007,6,Chelsea,221,238.7,England,51.4817,-1.191
2007,7,Internazionale,206.6,223.1,Italy,45.4781,9.122
2007,8,Bayern Munich,204.7,221.1,Germany,48.2188,11.6247
2007,9,Arsenal,177.4,191.6,England,52.0549,-2.1084
2007,10,Liverpool,176,190.1,England,51.4308,-3.9608
2007,11,Olympique Lyonnais,127.7,137.9,France,45.7653,4.982
2007,12,Roma,127,137.2,Italy,41.9341,12.4547
2007,13,Newcastle United,124.3,134.2,England,54.9756,-1.6217
2007,14,Schalke 04,122.9,132.7,Germany,51.5546,6.5675
2007,15,Tottenham Hotspur,107.2,115.8,England,50.6043,-1.5664
2007,16,Hamburger SV,101.8,109.9,Germany,53.5871,9.8986
2007,17,Manchester City,89.4,96.6,England,54.4831,-2.2004
2007,18,Rangers,88.5,95.6,Scotland,55.8532,-4.3093
2007,19,West Ham United,86.9,93.9,England,52.5387,-0.0166
2007,20,Benfica,85.1,91.9,Portugal,38.7527,-9.1848
2006,1,Real Madrid,275.7,297.8,Spain,41.4531,-3.6883
2006,2,Manchester United,246.4,266.1,England,55.4631,-2.2913
2006,3,Milan,234,252.7,Italy,45.4781,10.124
2006,4,Juventus,229.4,247.8,Italy,45.1096,7.6413
2006,5,Chelsea,220.8,238.5,England,51.4817,-1.191
2006,6,Barcelona,207.9,224.5,Spain,41.3809,2.1228
2006,7,Bayern Munich,189.5,204.7,Germany,48.2188,11.6247
2006,8,Liverpool,181.2,195.7,England,51.4308,-3.9608
2006,9,Internazionale,177.2,191.4,Italy,45.4781,9.122
2006,10,Arsenal,171.3,185,England,52.0549,-2.1084
2006,11,Roma,131.8,142.3,Italy,41.9341,12.4547
2006,12,Newcastle United,128.9,139.2,England,54.9756,-1.6217
2006,13,Tottenham Hotspur,104.5,112.9,England,50.6043,-1.5664
2006,14,Schalke 04,97.4,105.2,Germany,51.5546,6.5675
2006,15,Olympique Lyonnais,92.9,100.3,France,45.7653,4.982
2006,16,Celtic,92.7,100.1,Scotland,55.8497,-4.2055
2006,17,Manchester City,90.1,97.3,England,54.4831,-2.2004
2006,18,Everton,88.8,95.9,England,53.9388,-1.9663
2006,19,Valencia,84.6,91.4,Spain,39.4746,-0.3582
2006,20,Lazio,83.1,89.7,Italy,41.9331,13.4547
2005,1,Manchester United,259.4,280.2,England,55.4631,-2.2913
2005,2,Real Madrid,236.2,255.1,Spain,41.4531,-3.6883
2005,3,Milan,222.1,239.9,Italy,45.4781,10.124
2005,4,Chelsea,217.5,234.9,England,51.4817,-1.191
2005,5,Juventus,215.3,232.5,Italy,45.1096,7.6413
2005,6,Arsenal,174.1,188,England,52.0549,-2.1084
2005,7,Barcelona,169.9,183.5,Spain,41.3809,2.1228
2005,8,Internazionale,167.1,180.5,Italy,45.4781,9.122
2005,9,Bayern Munich,166.4,179.7,Germany,48.2188,11.6247
2005,10,Liverpool,140.2,151.4,England,51.4308,-3.9608
2004,1,Manchester United,251.2,271.3,England,55.4631,-2.2913
2004,2,Juventus,218.8,236.3,Italy,45.1096,7.6413
2004,3,Milan,200.4,216.4,Italy,45.4781,10.124
2004,4,Real Madrid,193.7,209.2,Spain,41.4531,-3.6883
2004,5,Bayern Munich,163.9,177,Germany,48.2188,11.6247
2004,6,Internazionale,162.5,175.5,Italy,45.4781,9.122
2004,7,Arsenal,150.1,162.1,England,52.0549,-2.1084
2004,8,Liverpool,149.3,161.2,England,51.4308,-3.9608
2004,9,Newcastle United,139.3,150.4,England,54.9756,-1.6217
2004,10,Chelsea,134.1,144.8,England,51.4817,-1.191
2003,1,Manchester United,229.5,247.9,England,55.4631,-2.2913
2003,2,Juventus,177.9,192.1,Italy,45.1096,7.6413
2003,3,Bayern Munich,176.8,190.9,Germany,48.2188,11.6247
2003,4,Milan,159.1,171.8,Italy,45.4781,10.124
2003,5,Liverpool,154.6,167,England,51.4308,-3.9608
2003,6,Real Madrid,152.2,164.4,Spain,41.4531,-3.6883
2003,7,Chelsea,143.4,154.9,England,51.4817,-1.191
2003,8,Arsenal,141.4,152.7,England,52.0549,-2.1084
2003,9,Barcelona,139.8,151,Spain,41.3809,2.1228
2003,10,Roma,136.8,147.7,Italy,41.9341,12.4547
2002,1,Manchester United,217.2,234.6,England,55.4631,-2.2913
2002,2,Juventus,173.5,187.4,Italy,45.1096,7.6413
2002,3,Bayern Munich,173.2,187.1,Germany,48.2188,11.6247
2002,4,Milan,164.6,177.8,Italy,45.4781,10.124
2002,5,Real Madrid,138.2,149.3,Spain,41.4531,-3.6883
2002,6,Liverpool,137.6,148.6,England,51.4308,-3.9608
2002,7,Lazio,125.4,135.4,Italy,41.9331,13.4547
2002,8,Roma,123.8,133.7,Italy,41.9341,12.4547
2002,9,Chelsea,118.4,127.9,England,51.4817,-1.191
2002,10,Internazionale,112.8,121.8,Italy,45.4781,9.122
